Sample Time,Engine Speed (RPM),Engine Load Factor (%),Engine Coolant Temperature (Deg. C),Engine Oil Pressure (kPa),Boost Pressure (kPa),Fuel Pressure (kPa),Inlet Air Temperature (Deg. C),Fuel Consumption Rate (L/hr)
12/01/2021 10:16,1725,93,88,427,131,667.5,51.3,147.15
12/01/2021 9:25,800,20,82,278,1.5,571,38.5,12.25
12/01/2021 8:55,1701,89,84,436.5,120,669,43.9,137.85
12/01/2021 8:25,1691,90,84,434.5,124.5,670,43,139.75
11/30/2021 19:31,1419,36,82,435.5,13.5,628.5,33.8,39.05
11/30/2021 19:01,799.5,27,82,276,1.5,565.5,38,14.35
11/30/2021 18:00,799,23,82,276,0.5,569.5,36.9,13.2
11/30/2021 17:35,799.5,23,83,276,1.5,569,37.3,13.2
11/30/2021 16:46,800.5,20,82,278,1,569,38.1,12.45
11/30/2021 16:16,801,23,82,275,1,569.5,38.8,13.2
11/30/2021 15:46,801,19,82,278.5,1,568.5,37.8,11.9
11/30/2021 15:16,799.5,18,82,273.5,1.5,568.5,39.4,11.5
11/30/2021 14:46,1801.5,30,83,453,26.5,669,39,53.55
11/30/2021 14:16,1727.5,96,83,447,74,672.5,39.2,149.85
11/30/2021 13:46,1785,28,83,450.5,43.5,668.5,38.5,55.35
11/30/2021 13:16,1755,90,82,452,65.5,663.5,36.5,143.45
11/30/2021 12:46,1825,38,83,449,72.5,664,37.2,73.4
11/30/2021 12:16,1640,76,82,439.5,95.5,664,42.3,120.65
11/30/2021 11:22,801,21,82,276.5,1.5,571,35.3,12.85
11/30/2021 10:52,800,21,82,277.5,1,572,35.1,12.95
11/30/2021 10:22,801,23,82,280,1.5,574.5,32.9,13.2
11/29/2021 18:25,1670.5,83,84,440.5,107,662,40.3,132.05
11/29/2021 17:54,799,20,82,277,1,565,41.1,12.35
11/29/2021 17:24,1300,23,82,428.5,5.5,614,43.2,24.6
11/29/2021 16:54,1891,42,83,449,81.5,674,40.9,66.85
11/29/2021 16:24,1832.5,30,82,456,72,671,40.8,64.7
11/29/2021 15:54,799.5,20,82,277.5,1,562.5,42.9,12.45
11/29/2021 15:24,1783.5,27,83,449.5,40,635,43.5,53.2
11/29/2021 14:54,1113.5,26,82,406,6,599,43.5,23.5
11/29/2021 14:24,1818,30,83,448.5,72.5,669,42.5,66.5
11/29/2021 13:54,1841.5,28,82,451.5,39,669,42.4,50.85
11/29/2021 13:24,1754.5,62,83,447.5,76.5,674,41.8,111.75
11/29/2021 12:54,1135.5,29,82,404.5,7,605.5,41.6,24.35
11/29/2021 12:24,1800,27,83,451,39.5,662.5,40.2,57
11/29/2021 11:54,1861.5,65,83,449.5,94,678,40,72.8
11/29/2021 11:24,1498,63,82,445.5,39.5,635.5,38.9,78.6
11/29/2021 10:54,1298,30,82,428.5,6.5,631,37.6,30.05
11/29/2021 10:24,800.5,26,82,280,2,575.5,35.9,14
11/28/2021 16:55,1327.5,24,84,420.5,10,622.5,49.9,25.9
11/28/2021 16:25,1369.5,28,83,431.5,7.5,623,46.8,31.6
11/28/2021 15:55,1111,27,82,403,6,608,44.5,23.05
11/28/2021 15:25,1713.5,75,83,453.5,41.5,662.5,43.7,119.25
11/28/2021 14:55,800.5,21,82,276,0.5,562.5,42.9,12.85
11/28/2021 13:52,1302.5,27,82,427.5,6,613.5,44,27.3
11/28/2021 13:22,1096,52,82,404,6,605,43.4,30.15
11/28/2021 12:52,1827.5,17,83,448,55.5,669,43.3,47.05
11/28/2021 12:22,1107.5,59,82,402.5,7.5,606,42,33.25
11/28/2021 11:52,799.5,24,82,274,0.5,566.5,43.4,13.65
11/28/2021 11:22,1617,45,82,445,33.5,661.5,40.2,63.9
11/28/2021 10:52,799.5,26,83,276.5,1.5,574.5,39.4,14
11/28/2021 10:22,800,26,83,279.5,1.5,577,38,14
11/27/2021 18:21,799,28,82,262.5,1,571.5,41.7,14.6
11/27/2021 17:51,1073,33,82,402,5,590.5,42.7,25.55
11/27/2021 17:21,1126,26,82,407.5,7,595.5,41.8,23.15
11/27/2021 16:51,1728,98,83,445.5,74.5,664,43.6,152.35
11/27/2021 16:21,1861,30,82,458.5,70.5,619,38.4,63.2
11/27/2021 15:51,800.5,20,82,278,1,567.5,41.8,12.25
11/27/2021 15:21,1800,32,82,453.5,30.5,668.5,41.9,57.7
11/27/2021 14:51,1118.5,39,82,407.5,4.5,606,39.5,27.65
11/27/2021 14:21,1737,100,83,449,46.5,660.5,43.2,138.1
11/27/2021 13:51,1845,85,83,446,84.5,675,45,133.6
11/27/2021 13:21,1816,28,83,448.5,53,644.5,45.1,57.5
11/27/2021 12:51,1757.5,87,83,448.5,54,610,41.6,132.65
11/27/2021 12:21,799.5,23,82,278,2,543,40.5,13.3
11/27/2021 11:51,800,20,82,278.5,1,557.5,39.5,12.45
11/27/2021 11:21,1357,33,82,432,12,623,43.9,34.55
11/27/2021 10:51,800.5,29,83,275,1.5,571.5,39,14.95
11/27/2021 10:21,800,26,83,280,1.5,574.5,37,14
11/26/2021 17:48,782.5,28,82,314,4,572.5,43.6,14.25
11/26/2021 17:18,1540.5,60,83,431.5,52.5,649,46.8,85.75
11/26/2021 16:48,800.5,24,82,275,1.5,568,40.5,13.3
11/26/2021 16:18,1880.5,34,83,449,80,636.5,41.3,58.65
11/26/2021 15:48,1617,53,83,445,41.5,656.5,41.8,78.85
11/26/2021 15:18,1733,44,83,449.5,37,661.5,43.3,79.8
11/26/2021 14:48,1887,43,83,449,78,679.5,42.8,48.95
11/26/2021 14:18,1824,26,82,452,36.5,676,43.6,52.85
11/26/2021 13:48,800,26,82,267.5,2,572.5,41.8,14
11/26/2021 13:18,800.5,21,82,279,1.5,569,40.6,12.85
11/26/2021 12:48,1496.5,31,82,441.5,11,642.5,40.7,36.8
11/26/2021 11:25,801,21,83,277.5,1,573,39.5,12.6
11/26/2021 10:25,799.5,23,83,281,0.5,578.5,36.8,13.3
11/25/2021 17:38,1604.5,90,83,437.5,83.5,658.5,40.5,142.25
11/25/2021 17:08,801,25,82,276,1.5,573.5,41.4,13.8
11/25/2021 16:38,799.5,21,82,278,1,571.5,40.8,12.7
11/25/2021 16:08,1807,27,83,451,38,672.5,43.2,53.45
11/25/2021 15:38,1803,30,83,452,34.5,668.5,42.1,54.4
11/25/2021 15:08,1755,31,83,451.5,34.5,669.5,44.6,83.6
11/25/2021 14:38,1731,100,83,449.5,47.5,660.5,44.7,131.6
11/25/2021 14:08,1098,28,82,409,5.5,596.5,42.8,23.05
11/25/2021 13:38,1724.5,85,83,454,35.5,631.5,43,124.8
11/25/2021 13:08,1865,27,83,449.5,76,626.5,42.7,77.55
11/25/2021 12:09,1102,29,82,410.5,5.5,601.5,41.3,23.3
11/25/2021 11:39,1331.5,27,83,422,6.5,618,45,29.7
11/25/2021 11:09,800.5,26,83,278,2,576,39.3,13.9
11/25/2021 10:39,801,22,82,278.5,1.5,577,39,12.95
11/25/2021 10:09,799.5,24,83,281,2,580.5,35.7,13.55
11/23/2021 18:34,799.5,27,83,273.5,2,577,34.8,14.35
11/23/2021 17:18,1780,83,83,452,70.5,676.5,35.1,135.85
11/23/2021 16:48,1128.5,33,82,401.5,8.5,605.5,35.3,25.65
11/23/2021 16:18,1849,71,82,451,86,657,35.5,112.1
11/23/2021 15:48,800,18,82,279,1.5,567.5,35.4,11.75
11/23/2021 15:18,778.5,11,82,319.5,3.5,575.5,39.1,15.1
11/23/2021 14:48,1828.5,32,83,453,74,667,42.7,66.25
11/23/2021 14:18,800.5,23,83,271.5,1.5,566.5,44.3,13.3
11/23/2021 13:48,751.5,24,82,365,4.5,586,42.2,13.2
11/23/2021 13:18,1790.5,84,83,450,67,663,44.5,131.7
11/23/2021 12:48,1782,31,83,451.5,38,660,45.8,57.35
11/23/2021 12:18,1780.5,93,84,446.5,77.5,665,48.9,147.6
11/23/2021 11:48,1787.5,32,84,450,40.5,630.5,49.6,59.85
11/23/2021 11:18,1755,46,83,451,63,661.5,42.3,90.85
11/23/2021 10:48,1388,57,82,368,13.5,608.5,44.6,54.15
11/23/2021 10:18,1577.5,67,82,447,44,672.5,37.7,90.95
11/22/2021 19:48,800.5,28,82,282,2,578,36,14.5
11/22/2021 17:09,1687.5,88,84,442,114.5,662.5,47.5,137.5
11/22/2021 16:39,1780.5,81,84,449.5,67.5,651.5,49.7,129.8
11/22/2021 16:09,1810.5,17,85,448.5,54,639,51.3,48.2
11/22/2021 15:39,1871.5,41,83,450.5,77,647,43,69.25
11/22/2021 15:09,1725.5,72,83,453,38,653,43.2,46.2
11/22/2021 14:39,1806.5,18,83,453.5,49.5,655.5,41.1,45.25
11/22/2021 14:09,1771,83,83,451,71.5,656,41.5,138.45
11/22/2021 13:39,1375,26,82,439.5,5,634.5,38.8,28.6
11/22/2021 12:44,1688.5,90,85,439,118.5,663,47.8,140
11/22/2021 12:14,1874.5,40,83,450.5,83,677,42.9,73.75
11/22/2021 11:44,1830,16,83,452,60,670.5,42.3,44.4
11/22/2021 11:14,1299,30,82,432,8,622,40.2,30.4
11/22/2021 10:44,1290.5,27,82,428,13,627,42,29.45
11/21/2021 17:35,1446,30,82,439.5,9.5,630,41.8,34.1
11/21/2021 15:57,799,22,82,274,2,572,41,13.3
11/21/2021 15:27,1827,19,82,456,30,676,41.1,44.3
11/21/2021 14:57,1743.5,96,83,450.5,76,682,39.3,151.3
11/21/2021 14:27,1847.5,34,83,452,71.5,682.5,39.7,66.5
11/21/2021 13:57,1790,80,83,450.5,71,673,38.7,129.1
11/21/2021 13:27,1299,26,82,432.5,5,623,37.5,26.25
11/21/2021 12:57,1409.5,43,82,437.5,16.5,638,38.6,46.55
11/21/2021 12:27,801,25,83,279.5,1.5,575.5,43.1,13.9
11/21/2021 10:41,800.5,27,83,280,1.5,580,39.1,14.5
11/21/2021 8:48,800.5,26,61,426.5,0.5,587,29.4,14.15
11/20/2021 20:04,799,25,82,276.5,2,579.5,40.1,14
11/20/2021 19:34,1627,69,83,443,86,673,38.9,112.1
11/20/2021 19:04,1780.5,82,83,452.5,79,676,40,136.55
11/20/2021 18:29,774.5,31,82,332.5,4.5,585.5,36.2,15.2
11/20/2021 17:59,1299.5,30,82,435,5.5,636,35.6,29
11/20/2021 17:29,1485,56,82,443,36.5,666,37.6,72.3
11/20/2021 16:59,1410.5,33,82,439.5,13,644,41,36.6
11/20/2021 16:29,801,24,82,276.5,2,576,42.9,13.65
11/20/2021 15:59,799,21,82,271,2,577.5,39,12.95
11/20/2021 15:29,1826,28,83,453,59,670.5,42.3,49.65
11/20/2021 14:59,800.5,25,83,272,1.5,579,41.5,14
11/20/2021 14:29,796.5,20,82,284,1.5,576,41,12.6
11/20/2021 13:59,800.5,26,82,280,2,577,40.7,13.9
11/20/2021 13:29,1301,30,83,426,5.5,638,42.5,30.3
11/20/2021 12:59,800,19,82,282,2,579.5,39.8,12.1
11/20/2021 12:29,799,22,83,281.5,1.5,581,39.7,13.05
11/20/2021 11:59,801,27,83,285.5,2,584.5,36.1,14.35
11/19/2021 15:47,800.5,18,82,286.5,1,574,33.2,11.65
11/19/2021 15:17,1295.5,28,82,434,6,627.5,32.5,27.45
11/19/2021 14:47,1723.5,92,83,454.5,49.5,649,35,134.55
11/19/2021 14:17,1728.5,62,82,452.5,68,673,34.5,111.25
11/19/2021 13:47,1897.5,34,82,454,87.5,646.5,33.8,65.2
11/19/2021 13:17,1767,97,83,452.5,77.5,639.5,34.8,150
11/19/2021 12:47,1697,100,82,458,41.5,615.5,34.8,137.3
11/19/2021 12:17,1743,68,82,453,61,681.5,35.7,120.2
11/19/2021 11:47,1738.5,44,83,455.5,39.5,656,36.8,80.15
11/19/2021 11:17,1814.5,28,83,456,49,655,38.4,58.65
11/19/2021 10:47,1299,26,82,430.5,6.5,617.5,39.9,26.95
11/19/2021 10:17,800.5,25,82,286.5,1.5,583.5,33.3,13.9
11/18/2021 20:19,799.5,26,82,280,2,581.5,33.9,14.25
11/18/2021 19:14,799.5,21,82,280.5,2,581,35.5,12.95
11/18/2021 18:44,1300,27,82,434.5,6,639,34.4,28.05
11/18/2021 18:14,1421,51,82,435.5,20,637,38.2,55.7
11/18/2021 17:24,800,24,83,273,1,572.5,37.8,13.3
11/18/2021 16:54,1685,85,83,444.5,112,660,40.8,134.9
11/18/2021 16:24,1363.5,34,83,428.5,8,621.5,35.8,33.25
11/18/2021 15:54,1297.5,28,82,432.5,5.5,634,36.9,27.65
11/18/2021 13:50,1687,100,85,438.5,127,654.5,44.6,154.6
11/18/2021 13:20,1296,28,82,433,5,641.5,33.5,26.95
11/18/2021 11:59,1301.5,29,82,428.5,6.5,634.5,38.2,27.3
11/18/2021 11:29,1376,56,82,439.5,18,640,32.7,55.6
11/17/2021 17:57,1302,27,82,429.5,6.5,624,36.6,25.9
11/17/2021 17:27,1639,74,83,446,93,675.5,34.9,119
11/17/2021 16:57,1789.5,59,82,457.5,39,681,31.5,90.25
11/17/2021 16:27,1859.5,69,83,453.5,86.5,676,31.8,109.25
11/17/2021 15:57,1770.5,37,82,455.5,68.5,684,30.6,75.9
11/17/2021 15:27,1802,23,83,456,45,681,29.9,50.25
11/17/2021 14:57,1304.5,32,82,433.5,8.5,648.5,29.3,30.5
11/17/2021 13:46,1303.5,29,82,427.5,7.5,642,36,27.8
11/17/2021 13:16,800,21,82,282,1.5,574,32.8,12.7
11/17/2021 10:59,800,22,83,286.5,1.5,579,32.8,12.7
11/16/2021 16:43,800.5,19,82,284.5,1,576.5,34.8,12
11/16/2021 16:13,801,19,83,282,1.5,576.5,36.1,12
11/16/2021 14:48,800,21,82,283,1,577,38,12.35
11/16/2021 14:18,799.5,21,82,282.5,1,577,38,12.6
11/16/2021 13:49,799.5,19,82,282.5,1,575.5,38.7,11.75
11/16/2021 13:18,799.5,25,82,282.5,1.5,577.5,37.4,13.9
11/16/2021 12:48,800.5,22,82,284,1,576.5,36.9,12.6
11/16/2021 12:18,804,21,82,284.5,1.5,577.5,37,12.45
11/16/2021 11:48,799,20,82,284,1.5,576.5,36.8,12
11/16/2021 11:18,800,23,82,283,1.5,578,36.7,13.05
11/16/2021 10:31,799.5,30,82,289.5,2,583.5,31.8,15.1
11/15/2021 17:34,801.5,29,82,282.5,2,582,37.7,14.85
11/15/2021 16:24,800,22,82,281.5,1.5,576.5,38.6,12.85
11/15/2021 15:05,1199.5,28,82,425.5,4.5,608.5,36.6,24.6
11/15/2021 13:17,800,26,82,283.5,1,576.5,36.4,13.9
11/15/2021 12:47,799.5,24,82,283.5,1.5,579.5,35.7,13.3
11/14/2021 18:56,1335,34,81,441,9.5,628,36,33.95
11/14/2021 18:26,1299.5,28,82,433.5,4,623.5,38.8,26.35
11/14/2021 17:01,801,21,82,282.5,2,581.5,41.2,12.45
11/14/2021 16:31,1877,36,83,455,128,679.5,43.4,61.85
11/14/2021 16:00,1834,75,83,454,70,644.5,41.2,123.05
11/14/2021 15:30,1814.5,82,83,455,62.5,618,39.7,129.7
11/14/2021 15:00,1791.5,21,83,455.5,39.5,621,41.6,49.3
11/14/2021 14:30,1199.5,31,82,420,8.5,610,40.7,26.7
11/14/2021 14:00,1167.5,67,82,421,10.5,614.5,42.8,48.8
11/14/2021 13:30,799.5,21,82,283,1,570.5,41.7,12.7
11/14/2021 13:00,799,24,82,279.5,1.5,586,41.8,13.4
11/14/2021 12:30,1303.5,29,82,431,6,644.5,36.7,27.55
11/14/2021 12:00,800,31,82,278.5,2.5,577.5,37.7,15.1
11/14/2021 10:28,800,31,83,287,2,581,34,15.45
11/13/2021 16:12,799.5,21,82,282,1,574.5,40.7,12.6
11/13/2021 15:42,800.5,21,82,282.5,1.5,574.5,41.3,12.6
11/13/2021 15:12,800.5,22,83,281.5,1.5,575,41.5,12.95
11/13/2021 13:39,800,23,83,282,1.5,575.5,39.2,13.2
11/13/2021 12:14,799,25,83,282.5,1.5,579,35.6,13.8
11/13/2021 11:16,800.5,22,83,286,1.5,581,33.3,12.95
11/12/2021 20:47,1204,29,82,426,4.5,625.5,32,24.8
11/12/2021 20:17,1201,28,82,427,5.5,626,33.2,25.2
11/12/2021 19:47,1299.5,26,82,432,5.5,622,36.8,26
11/12/2021 19:17,799.5,18,82,287.5,1,563.5,33.6,11.3
11/12/2021 18:47,800.5,22,82,276.5,1.5,567.5,38.5,12.7
11/12/2021 17:58,799.5,21,82,282.5,2,580,37.3,12.6
11/12/2021 17:28,801.5,17,82,285,1.5,578.5,38.9,10.95
11/12/2021 16:58,1302,25,83,433.5,8,627,36.7,25.65
11/12/2021 16:28,1798,32,82,461.5,30.5,668.5,34.8,57.85
11/12/2021 15:58,1795.5,96,83,456,80.5,674.5,36.1,151.9
11/12/2021 15:28,1166.5,57,82,423.5,7,610,35.7,42.15
11/12/2021 14:58,1169.5,34,82,422.5,6.5,611,42,34.8
11/12/2021 14:28,1800.5,55,82,470,35,669.5,41,89.2
11/12/2021 13:58,1810.5,25,83,456,37.5,662,42.6,51.65
11/12/2021 13:28,1815.5,24,83,455,43,679.5,40,51.05
11/12/2021 12:58,1800.5,24,83,453,47.5,680,43.8,52.5
11/12/2021 12:28,1729,91,83,456,53,680,37.7,135.15
11/12/2021 11:58,1298.5,28,82,434.5,4,642,35.3,27.2
11/12/2021 11:28,1335.5,27,82,433.5,6.5,629,33.8,27.55
11/12/2021 10:58,1576.5,43,83,447.5,29,662,33.6,57.25
11/12/2021 10:28,799.5,30,83,282,2,574.5,31.8,14.95
11/11/2021 20:33,800,22,82,281.5,1,575,32.1,12.95
11/11/2021 20:03,1621,54,83,442.5,53.5,669.5,37.6,83.35
11/11/2021 19:33,799.5,19,82,286.5,0.5,568.5,33.2,12.1
11/11/2021 19:03,1403.5,28,82,437.5,7.5,632,38.7,31.7
11/11/2021 18:33,1567,61,83,446.5,59.5,670.5,34.5,91.8
11/11/2021 18:03,1814,26,83,454.5,54,680,36,56.55
11/11/2021 17:33,1842.5,74,83,452.5,82,686.5,36.5,116.25
11/11/2021 17:03,1851.5,28,83,453,80,687.5,35.1,61.4
11/11/2021 16:33,1513,63,82,444.5,51,665.5,32.5,86.95
11/11/2021 16:03,800.5,18,82,284,1,578.5,33.9,11.3
11/11/2021 15:33,1302.5,27,82,434.5,4.5,640,32.7,25.75
11/11/2021 15:03,1826,17,82,456.5,52,679.5,34.2,45.6
11/11/2021 14:33,1887,41,82,454,76,678,36.5,66.05
11/11/2021 14:03,1770.5,84,83,454.5,73,678.5,34.9,135.25
11/11/2021 13:33,1467.5,25,82,447.5,8,653.5,32.3,31.45
11/11/2021 13:03,801,21,82,284.5,1.5,583,33.9,12.35
11/11/2021 11:56,800.5,19,82,287,1,582.5,35.4,11.5
11/11/2021 11:26,1303.5,28,82,427,6.5,635,37.7,27.3
11/11/2021 10:56,1361,28,82,439.5,6.5,646,32.4,29.95
11/11/2021 10:26,800.5,21,83,288,1,581,32.1,12.6
11/11/2021 0:19,799.5,23,82,282.5,2,578,33.3,13.2
11/10/2021 23:34,797.5,20,82,284.5,1.5,574,33.6,12
11/10/2021 22:25,1302.5,28,82,433,5.5,626,37.9,26.35
11/10/2021 21:55,1302.5,28,82,429.5,7,623.5,41.8,26.7
11/10/2021 21:25,1429,49,83,438,24.5,653.5,37,54.4
11/10/2021 19:48,799.5,24,82,277.5,1,579,36.1,13.3
11/10/2021 19:18,1825,27,82,454.5,36,679,38.3,49.4
11/10/2021 18:48,1791.5,25,83,453.5,41,678.5,38.4,51.4
11/10/2021 18:18,1801.5,22,83,452,43,680.5,39.5,50.25
11/10/2021 17:48,1804.5,29,83,452,41.5,677,40.3,56.15
11/10/2021 17:18,1803,27,83,451,44.5,681,40.6,55.35
11/10/2021 16:48,800.5,26,83,272,1,581.5,42.3,13.8
11/10/2021 16:18,1514,61,83,436.5,48,650,39.9,79.35
11/10/2021 15:48,1149,100,84,400.5,58,613.5,36.9,100.6
11/10/2021 15:18,1414,35,82,438.5,13,640,36.2,37.05
11/10/2021 14:48,801,22,82,281,1.5,573,41.1,13.05
11/10/2021 14:18,800.5,24,83,281,1,580,39.9,13.65
11/10/2021 12:36,799.5,21,82,282.5,1,580.5,37.6,12.7
11/10/2021 12:06,801,22,83,281.5,1.5,581,38.2,12.95
11/10/2021 10:26,800,27,83,284.5,1.5,583,35.3,14.15
11/09/2021 19:33,800,19,82,281.5,1,576.5,35.5,12
11/09/2021 19:03,1299.5,29,82,428.5,6,629.5,40.2,27.55
11/09/2021 18:33,1457,28,82,438,9.5,639.5,41.9,33
11/09/2021 18:03,1802.5,30,82,462,25,684,34.6,52.15
11/09/2021 17:33,1175,56,83,414,17.5,636.5,36.8,47.85
11/09/2021 16:22,764,25,82,341,3,594.5,36.8,13.3
11/09/2021 15:52,1202,26,82,416,3.5,630.5,39.8,23.85
11/09/2021 15:22,801,26,82,281.5,1.5,584,41.3,13.9
11/09/2021 14:52,1407,37,82,436.5,14,636.5,37.4,39.05
11/09/2021 14:22,1654.5,81,84,441,106.5,669.5,41.3,129.1
11/09/2021 13:52,1436.5,36,82,443,12.5,657.5,36.5,39.05
11/09/2021 13:22,798.5,25,82,280,1,577,39.5,13.55
11/09/2021 12:28,800.5,30,82,280,1.5,577,38.7,15.1
11/09/2021 10:39,799.5,23,83,282,0.5,581.5,38,12.85
11/09/2021 10:09,801,27,83,284,1.5,584,35.3,14.25
11/08/2021 16:39,1300.5,30,82,434,6,634,30.5,28.6
11/08/2021 15:57,1204,30,82,423,6,630.5,29.8,26.6
11/08/2021 15:27,1836,21,82,454.5,81,683.5,32.2,48.55
11/08/2021 14:57,1813.5,24,82,459,29,685.5,31.4,46.8
11/08/2021 14:27,1868.5,59,83,449,93,679.5,38.7,71.15
11/08/2021 13:57,800,21,82,284,1,576,38.6,12.7
11/08/2021 13:27,799.5,24,82,282.5,1,582,39,13.4
11/08/2021 12:57,1484,35,82,443.5,12.5,653,43.2,41.7
11/08/2021 12:27,1811.5,70,83,448.5,86,685,44,115.45
11/08/2021 11:57,1766.5,38,83,449,75,680.5,44.4,93.7
11/08/2021 11:04,801.5,28,83,262.5,2,574,42.5,14.5
11/08/2021 10:34,1185.5,34,83,424.5,9,628,38.2,29.8
11/07/2021 14:01,800.5,22,82,283,1,578,36.1,12.85
11/07/2021 13:31,799,25,82,283,1.5,578.5,37.6,13.65
11/07/2021 13:01,801.5,27,83,281,1.5,580.5,40.5,14.15
11/07/2021 11:33,799.5,32,83,298.5,2,586,35.5,15.7
11/06/2021 17:09,1697,88,84,443,122,680,40.8,139.05
11/06/2021 16:03,1204.5,31,83,416.5,8.5,620,46.5,26.7
11/06/2021 15:33,1769.5,86,83,455,72.5,686.5,39.1,128.95
11/06/2021 15:03,1805.5,13,81,469.5,40,692.5,35.8,36.95
11/06/2021 14:33,1763,61,83,459.5,42.5,633,37.3,98.2
11/06/2021 14:03,1159.5,46,82,426.5,8,617,34.2,36.6
11/06/2021 11:14,799.5,22,83,283.5,1,577,38.8,12.95
11/06/2021 10:44,799.5,24,82,287,2,579.5,35.7,13.4
11/05/2021 18:45,799,29,83,281.5,2,581,35.8,14.6
11/05/2021 18:15,1315.5,28,82,435.5,4.5,628.5,40.5,26.95
11/05/2021 17:45,1300,29,82,430,4.5,627,44.3,26.95
11/05/2021 17:15,1420,46,83,440,19.5,653.5,38.8,48.8
11/05/2021 16:28,1301,30,83,435.5,7.5,631.5,36.6,29.1
11/05/2021 14:41,800.5,23,83,270.5,1.5,579,44.5,13.2
11/05/2021 14:11,1790.5,25,83,453,71,691.5,43.2,75.15
11/05/2021 13:41,1778.5,76,83,452.5,83.5,687.5,39.3,124.8
11/05/2021 13:11,1200.5,27,83,421.5,5,632,35.6,24.35
11/05/2021 12:41,1411,30,82,445.5,20.5,668,37.3,35.15
11/05/2021 12:11,1399,30,82,438.5,7,652.5,43.6,32.4
11/05/2021 11:41,1380.5,31,82,442,9,657.5,37.2,32.8
11/05/2021 11:11,800.5,29,83,284,3,575,40,14.75
11/05/2021 10:41,800.5,27,83,285.5,2,578,39.3,14
11/04/2021 19:11,799.5,22,82,289,1.5,578,36,12.7
11/04/2021 18:41,1624.5,70,84,441,88,678,42.2,113.75
11/04/2021 18:11,1670,85,86,436.5,120.5,673,45.5,133.35
11/04/2021 17:41,1801.5,65,82,457.5,73,684,35.5,111.15
11/04/2021 16:45,798.5,25,82,279.5,1,580,36.6,13.8
11/04/2021 16:15,1799,33,82,464.5,30.5,682,36.4,55.7
11/04/2021 15:45,1779,38,82,459,37.5,682,31.1,67
11/04/2021 15:15,1625,72,82,450.5,87.5,671,41.2,116.25
11/04/2021 13:01,801,25,82,285,1.5,581.5,43.7,13.55
11/04/2021 12:17,1837.5,65,83,450,73,686.5,52.5,92.05
11/04/2021 11:47,1821,41,84,450.5,84.5,687.5,44.7,79.1
11/04/2021 11:17,1296,28,83,429,5,636,40.6,26.7
11/04/2021 10:47,1624,100,84,441.5,133.5,655,40.4,155.1
11/04/2021 10:17,799.5,26,83,288,2,583.5,37.8,14
11/03/2021 17:34,1602,57,87,438,50,671,48.7,82.2
11/03/2021 17:04,800,22,82,285.5,1,582.5,41.8,12.85
11/03/2021 16:34,800,27,82,282.5,1.5,584,44.3,13.9
11/03/2021 16:04,1421,53,82,439,21.5,644,43.8,55.8
11/03/2021 15:34,1426,43,82,441,16.5,655.5,43,47.25
11/03/2021 14:00,799,22,82,283.5,1.5,570.5,45.2,13.05
11/03/2021 13:30,1786.5,88,84,449.5,106.5,626.5,45.8,139.75
11/03/2021 13:00,1775.5,86,84,451,82.5,674.5,44.8,140.35
11/03/2021 12:30,1783,73,83,451,90,677,43.4,124.8
11/03/2021 12:00,800.5,23,83,271.5,1.5,575.5,39.7,13.2
11/03/2021 11:30,1322.5,27,83,430.5,8,635.5,41,27.8
11/03/2021 10:23,800.5,27,82,290.5,2,582.5,36.2,14.15
11/02/2021 17:58,1590.5,51,84,443.5,36.5,666,44.6,67.95
11/02/2021 17:28,1518.5,6,82,436.5,9.5,639.5,46.1,16.5
11/02/2021 16:34,801,20,82,291,1.5,581.5,37.8,12.35
11/02/2021 16:04,1753.5,63,83,452,70,682.5,42.9,107.7
11/02/2021 15:34,1746.5,85,83,458,72.5,683,41.9,132.4
11/02/2021 15:04,1824,73,83,453,97.5,686,42.6,124.35
11/02/2021 14:34,799.5,20,82,289,1,585,43.9,12
11/02/2021 14:04,1565,6,87,442,12.5,642.5,50.7,17.7
11/02/2021 13:34,1201,27,82,419,7,635,47.9,24.8
11/02/2021 13:04,1795,44,83,451,84.5,688,45.7,84.3
11/02/2021 12:34,1203,29,82,427.5,7,642,40.4,25.65
11/02/2021 12:04,1579,14,83,454,16.5,662,39.5,25.9
11/02/2021 11:34,1470,49,83,445.5,21,644,37,55.35
11/02/2021 11:04,799.5,20,82,289.5,2,582,37.6,12.45
11/02/2021 10:34,799.5,25,83,291.5,1.5,585,35.7,13.55
11/01/2021 18:12,800,26,82,285.5,1.5,583,34.4,13.9
11/01/2021 16:44,1311,25,82,437,4.5,624.5,38,25.3
11/01/2021 16:14,1401.5,31,83,440.5,16.5,630,36.9,35.5
11/01/2021 15:24,801,17,82,287.5,1.5,575,35.7,11.05
11/01/2021 14:14,1779.5,69,83,452,87.5,679.5,41.4,119.45
11/01/2021 13:44,1299,27,81,434.5,4.5,641.5,41.4,26.5
11/01/2021 13:14,1778,72,82,454.5,80,678,37.8,119.45
11/01/2021 12:44,1800.5,68,83,452,94.5,671,42.8,116.95
11/01/2021 12:14,1883,69,83,452.5,105,689,41.8,108.2
11/01/2021 11:44,1488,17,82,449.5,8,664.5,37,22.8
11/01/2021 10:38,801,29,82,295.5,2.5,585,32.1,14.75
10/31/2021 17:39,1644,73,83,447.5,92.5,680.5,40,118.4
10/31/2021 17:09,1618.5,58,84,447,61.5,676.5,44.2,91.1
10/31/2021 15:51,1203,28,82,426,5,633.5,41.5,25.4
10/31/2021 15:21,1798,69,83,452,84.5,686,47.6,111.15
10/31/2021 14:51,1769,70,84,453,75,686,43.9,117.35
10/31/2021 12:48,1299.5,26,82,433.5,7,641,44.5,26.35
10/31/2021 12:18,1467.5,50,82,446,21,658,38.7,54.05
10/31/2021 11:48,1604.5,37,82,451.5,11.5,671,37.9,47.25
10/31/2021 11:18,799.5,21,82,284,1.5,572.5,38.3,12.7
10/31/2021 10:48,1334.5,33,82,442,7.5,633,38.2,33
10/31/2021 10:18,800,26,82,292,2,585.5,37.3,14.15
10/30/2021 15:21,799,23,82,285.5,1.5,575,42.5,13.05
10/30/2021 14:51,799.5,26,82,277,1.5,570.5,46.1,13.9
10/30/2021 14:06,799,19,82,291,1.5,571.5,40.4,12.1
10/30/2021 13:36,1820.5,69,83,455,92.5,677,40,116.95
10/30/2021 13:06,1768,81,83,454,84.5,682,41.8,135.75
10/30/2021 12:36,1867,37,83,454.5,91,679,41.7,63.9
10/30/2021 11:58,1213.5,26,82,423,7,638,38,24.8
10/30/2021 11:28,1572.5,15,82,452,10,674,35.5,25.75
10/30/2021 10:58,1598.5,59,83,445,65.5,670.5,36,94.75
10/30/2021 10:28,799.5,30,82,291,2.5,588,31.8,15.1
10/29/2021 15:03,800.5,26,83,285.5,1.5,575,43.7,13.9
10/29/2021 13:10,800.5,24,83,286.5,1,577,41.9,13.55
10/29/2021 12:40,795,24,83,286.5,1.5,576.5,41.5,12.85
10/29/2021 12:10,799.5,31,83,289.5,2,580,40.7,15.2
10/28/2021 23:32,1300,26,82,438.5,5,631,31.2,25.9
10/28/2021 22:13,1580,66,83,446,71.5,675,35.5,103.55
10/28/2021 21:43,1617,67,82,446.5,78,669.5,35.3,108.3
10/28/2021 21:13,1431.5,46,82,441.5,20,660,34.9,50.85
10/28/2021 19:32,799,22,83,267.5,1,571,43.3,12.95
10/28/2021 18:19,801,20,82,285,2,579.5,41.8,12.6
10/28/2021 17:49,1840,40,83,450,90,685.5,45.1,77.55
10/28/2021 17:19,1752,48,83,451,73.5,684,43.1,92.05
10/28/2021 16:49,1762,34,83,450.5,73,684.5,43.6,73.65
10/28/2021 16:19,1496.5,60,84,438,41,667,45.8,76
10/28/2021 15:49,1300,24,82,435,4.5,627,43.5,24.8
10/28/2021 15:19,799.5,24,82,285,1,575,45.2,13.8
10/28/2021 14:49,1503.5,14,83,442,7.5,658.5,45.6,22.8
10/28/2021 14:19,799.5,22,82,283,1,582,45.6,12.6
10/28/2021 13:49,1808.5,77,83,450,88,687.5,45.6,126.95
10/28/2021 13:19,1750,83,83,457.5,81.5,689,41,133
10/28/2021 12:49,1509.5,13,82,449,6.5,663,40.3,21.6
10/28/2021 12:19,1448.5,54,83,438.5,30,649.5,38.4,62.1
10/28/2021 11:49,1590,21,84,448.5,23.5,625,40.5,45.7
10/28/2021 10:08,799.5,24,83,292.5,0.5,583.5,34.5,13.55
10/27/2021 14:38,800,22,82,289,1,579.5,36,13.05
10/27/2021 14:08,799.5,24,83,288,1,579,36.8,13.3
10/26/2021 17:26,1301,30,82,429.5,7,612.5,42.3,29
10/26/2021 16:56,1298.5,29,85,419.5,10.5,618,47.5,29.1
10/26/2021 15:42,799.5,25,82,273.5,2,571,45.4,13.8
10/26/2021 14:29,800,24,82,276.5,1.5,579.5,51.1,13.55
10/26/2021 13:59,1793.5,65,87,444,81.5,673.5,55.5,111.25
10/26/2021 13:29,1788.5,68,85,447,82,679.5,52.5,115.3
10/26/2021 12:59,1820,67,83,449.5,89.5,679.5,44.4,112
10/26/2021 12:29,1205,29,82,420,9,641.5,44.3,28.25
10/26/2021 11:59,1195,36,82,424.5,9,643.5,38.8,31.6
10/26/2021 11:29,1609,34,82,451.5,12.5,661.5,37.1,43.35
10/26/2021 10:40,800.5,30,83,278.5,2,574.5,34.9,15.2
10/25/2021 16:37,1201,29,83,425,5.5,623,45.2,24.35
10/25/2021 16:07,1199.5,29,83,425,5,621.5,44.8,24.95
10/25/2021 15:37,1198,31,83,425.5,5,621.5,44.2,26
10/25/2021 15:07,1200,27,83,426,5,621.5,42.3,24.45
10/25/2021 13:51,799.5,22,82,287.5,1.5,581.5,40.3,12.85
10/25/2021 13:21,1205,31,82,426,7.5,617,38.9,26.35
10/25/2021 12:51,1202.5,26,82,424.5,4,626.5,36.8,23.75
10/25/2021 12:21,1822.5,63,83,452,81.5,683,41.7,101.05
10/25/2021 11:51,1744.5,60,83,451,83.5,682.5,40.3,109.6
10/25/2021 10:21,800,22,83,297,1.5,586,30,12.6
10/24/2021 17:23,800.5,20,82,291,2,582.5,27.9,12.1
10/24/2021 16:53,799.5,16,82,292,0.5,574.5,29,10.7
10/24/2021 16:23,1803,66,83,454,83,677.5,35.6,108.05
10/24/2021 15:53,1844.5,64,83,454,93.5,690.5,34.1,81.45
10/24/2021 15:23,1821.5,61,82,455,87,684,31.7,107.45
10/24/2021 14:53,1744.5,99,83,457,85,678.5,32,152
10/24/2021 14:23,1200,30,82,427,7,626.5,28.6,25.75
10/24/2021 13:20,800.5,26,82,292,1.5,585,28.3,13.65
10/24/2021 12:50,800.5,22,82,291.5,1,585,29.5,12.7
10/23/2021 18:49,1303.5,28,82,436,5,635.5,36.1,26.85
10/23/2021 18:19,1297,30,82,430,8,645,41.5,29.8
10/23/2021 17:49,1625.5,78,83,445,97,665.5,41.3,124
10/23/2021 17:19,1394.5,34,82,442,9,646,41.4,34.8
10/23/2021 16:49,801,25,82,284.5,1.5,583,43,13.55
10/23/2021 15:20,1199.5,27,82,422.5,4.5,618.5,45.4,24.35
10/23/2021 14:50,1771.5,73,83,452.5,76.5,671.5,43.7,120.3
10/23/2021 14:20,1174,70,84,415.5,29.5,626.5,42.1,65.55
10/23/2021 13:50,1202,27,82,426,5,625.5,43.8,24.35
10/23/2021 13:20,1366,30,82,441,6.5,637.5,42.9,30.15
10/23/2021 12:50,1587,32,82,455,12,650.5,43.2,42.4
10/23/2021 12:20,804.5,20,83,291.5,1.5,579.5,40.3,12.6
10/23/2021 10:06,800,30,82,301.5,1.5,585.5,35.2,15.2
10/22/2021 16:40,799,28,83,282,1.5,576,41.8,14.6
10/22/2021 14:30,800.5,25,82,288.5,1,569.5,42.9,13.55
10/22/2021 12:54,1199.5,26,82,427.5,3.5,623,42.9,24.45
10/22/2021 12:24,1800.5,64,84,453,55.5,681,50.7,105.1
10/22/2021 11:54,1790.5,70,85,452.5,77,686,50,116.75
10/22/2021 11:24,1759.5,78,83,455.5,63,688,43.4,131.2
10/22/2021 10:54,1840.5,22,83,456,69.5,683,43.6,51.4
10/22/2021 10:24,1503.5,62,83,452.5,50,650,34.6,83.85
10/21/2021 16:13,1297,28,82,441.5,4.5,630,40.5,27.45
10/21/2021 15:43,1769.5,70,83,457.5,65,677,42.6,130.25
10/21/2021 15:13,1882,43,83,457.5,80,692,42.3,68.5
10/21/2021 14:43,1811,28,83,459,55.5,675.5,42.2,60.1
10/21/2021 14:13,1789.5,70,83,457.5,74,680,41,117.45
10/21/2021 13:43,1782.5,79,83,457.5,72,680.5,42.2,130.05
10/21/2021 13:13,1211,31,83,425.5,10,623,39.6,27.9
10/21/2021 11:57,800.5,25,83,291,1.5,582,39.3,13.8
10/21/2021 11:27,800,30,83,294.5,2.5,584,37.4,15.2
10/20/2021 19:01,800,20,82,295.5,1,585,37.3,12.25
10/20/2021 18:31,801,21,82,293,1.5,580.5,37.7,12.6
10/20/2021 17:25,1299.5,28,83,439,6,636,38.6,27.1
10/20/2021 16:55,1204,30,82,430,8,626.5,38,26
10/20/2021 16:03,1132,75,83,427,11.5,620,41,54.5
10/20/2021 15:33,1464.5,61,82,451,37.5,637,41.5,72.55
10/20/2021 14:07,800.5,32,83,310.5,2.5,582,36.8,15.55
10/20/2021 1:06,796,22,82,314,4,580.5,31,12.85
10/20/2021 0:36,801,19,82,297,2,578,32.3,12
10/19/2021 23:04,1476,23,82,449.5,10,641,36.3,28.15
10/19/2021 22:34,1440.5,53,82,448,25.5,656.5,34.6,59.4
10/19/2021 22:04,1585,63,83,449,75,668,36.1,103.45
10/19/2021 21:34,1349,32,82,442,9.5,643,33.8,33.75
10/19/2021 20:39,799.5,23,83,290.5,1.5,581,32.4,13.2
10/19/2021 20:09,801,20,82,298.5,1,578,32.6,12.25
10/19/2021 19:39,1732,78,82,463.5,47,679,33.5,123.75
10/19/2021 19:09,1300,31,82,438,12.5,642,33.6,33.35
10/19/2021 18:39,799.5,19,82,295.5,1,578.5,36.6,12
10/19/2021 18:09,1880,56,82,466,75.5,682.5,37.2,49.5
10/19/2021 17:39,1867,40,83,461,71.5,682,39.8,50.85
10/19/2021 17:09,1855.5,41,83,460,71.5,680.5,40.8,71.15
10/19/2021 16:39,1798,71,83,459,72,678.5,40.4,119.1
10/19/2021 16:09,1510.5,59,83,447.5,45.5,662.5,38.4,76.25
10/19/2021 15:28,799,19,82,296.5,2,581,39.8,12.25
10/19/2021 14:58,800.5,25,83,290,2,581.5,37.8,13.9
10/19/2021 14:28,1200,30,82,428.5,7.5,632,37.8,26.15
10/19/2021 13:58,1739,67,83,463,48,677,37.3,123.75
10/19/2021 12:58,1201,29,82,431.5,7,637,33.7,26.85
10/19/2021 12:28,1208,26,82,433,6,638.5,32.5,24.7
10/19/2021 11:58,1490,18,82,453,7.5,662.5,31.9,23.5
10/19/2021 11:28,1608,64,83,452,78.5,672.5,34.3,104.6
10/18/2021 22:19,1307,26,82,448.5,8,644.5,30.3,27.8
10/18/2021 21:49,1575,50,82,453,37,666.5,28.4,67.45
10/18/2021 21:19,1663.5,83,83,452,110.5,668.5,32,132.75
10/18/2021 20:49,799.5,17,82,299,1,580,32.5,11.4
10/18/2021 20:19,1822.5,23,82,464.5,55.5,684.5,31.4,51.4
10/18/2021 19:49,1794,70,82,463.5,75,679.5,30,117.35
10/18/2021 19:19,1821,16,82,470.5,47,689,29.7,42.85
10/18/2021 18:49,1863,32,82,463.5,72,688,31.3,56.15
10/18/2021 18:19,1858,73,82,462.5,79.5,684,33.2,85.6
10/18/2021 17:49,1841.5,30,83,463.5,63.5,692,35.3,56.75
10/18/2021 17:19,1896.5,22,83,463.5,77.5,697,32.6,40.6
10/18/2021 16:49,1871.5,55,82,464.5,68,694,32.4,85.15
10/18/2021 15:31,1621,78,83,455,100,666,32.7,123.15
10/18/2021 15:01,800.5,26,82,296.5,2,586,35.5,13.9
10/18/2021 14:31,1361,15,82,445.5,17,658,35.6,13.4
10/18/2021 14:01,1587,55,82,453.5,48.5,674,40.2,79.45
10/18/2021 12:56,800.5,23,82,300,1.5,583,36.6,13.05
10/18/2021 12:26,799.5,28,83,297,2,584.5,35.7,14.6
10/17/2021 16:20,1499,27,82,452.5,8,631,44.3,33.35
10/17/2021 15:50,800,25,83,290,2.5,566,39.5,13.65
10/17/2021 14:24,1382,27,97,427,7,625,44,28.85
10/17/2021 13:54,1435.5,49,83,445,24.5,650,39.8,54.65
10/17/2021 13:24,1479.5,16,82,453,8,665,38.4,23.85
10/17/2021 12:54,799.5,24,82,300,1.5,580.5,34.8,13.4
10/17/2021 12:24,799.5,22,82,296.5,2,580,39,12.85
10/17/2021 11:23,800.5,20,82,300.5,1.5,585.5,38.9,12.35
10/17/2021 10:53,801,21,82,302.5,2,588,38.3,12.6
10/16/2021 20:43,799.5,24,82,299,2,586,34.4,13.4
10/16/2021 18:55,1301.5,28,82,441,7,639.5,36.3,27.2
10/16/2021 18:25,799,24,83,280.5,1.5,574,42.5,13.4
10/16/2021 16:57,1329,27,82,438.5,9,647.5,44.5,27.55
10/16/2021 15:58,800.5,22,82,299.5,2,578.5,42.5,13.05
10/16/2021 15:28,1726.5,96,84,452,141,686,46.3,150.8
10/16/2021 14:58,801,21,82,298,2,582.5,39.6,12.7
10/16/2021 13:38,799.5,21,82,300.5,2,575.5,38.9,12.6
10/16/2021 13:08,799.5,21,82,299.5,1.5,576.5,38.4,12.6
10/16/2021 12:38,800,21,82,300.5,2,573,38.6,12.6
10/16/2021 10:19,799.5,22,82,306,2.5,579,32.3,12.95
10/15/2021 19:15,1348,33,82,424.5,12.5,632.5,39.1,35.5
10/15/2021 18:45,1302.5,29,82,440.5,5.5,646.5,38.6,28.75
10/15/2021 18:15,1321,26,82,444,6.5,647.5,38.8,26.85
10/15/2021 17:27,800.5,25,83,285,3,577,44.3,13.9
10/15/2021 16:57,1419,29,82,448.5,9,656,41.8,31.1
10/15/2021 16:27,1784,77,83,462.5,76.5,691.5,42.6,125.75
10/15/2021 15:57,789,33,82,288.5,2.5,583.5,44.5,15.9
10/15/2021 15:27,1330.5,26,82,445.5,5,641.5,44.8,28.05
10/15/2021 14:57,1621.5,74,83,457,85.5,670,40.4,118.65
10/15/2021 14:27,1830,23,83,464,73.5,695.5,41.5,54.75
10/15/2021 13:57,1787.5,18,83,465,52,686.5,41.9,56.75
10/15/2021 13:27,1011,26,82,396.5,6,607,44.9,20.2
10/15/2021 12:57,799.5,25,82,299.5,1.5,577.5,40.8,13.55
10/15/2021 12:27,1575.5,62,84,452,69.5,679.5,43.5,99.75
10/15/2021 11:57,1298.5,30,83,443,7.5,631,39.1,30.05
10/15/2021 11:27,799.5,19,82,303,1.5,583.5,37.6,12
10/15/2021 10:57,1144,99,83,344,9.5,598,37.3,67.55
10/15/2021 10:27,799,23,83,306.5,1.5,579,35.9,13.2
10/14/2021 18:02,799.5,21,82,294.5,1.5,578,32.8,12.6
10/14/2021 17:32,1710.5,95,83,458,119.5,672,31.2,148.9
10/14/2021 17:02,1829,79,82,464.5,80.5,688.5,31.5,92.05
10/14/2021 16:32,1298.5,29,83,437.5,9.5,627.5,33.4,29.1
10/14/2021 16:02,799.5,18,82,305.5,1,580,31.7,11.5
10/14/2021 15:32,1010.5,23,82,407.5,5.5,607.5,36,18.3
10/14/2021 15:02,799.5,19,82,301,2,578.5,38.5,12.1
10/14/2021 14:32,1855.5,23,83,466.5,69.5,690.5,39,53.45
10/14/2021 13:31,1794.5,67,82,466,78,690.5,37.2,113.65
10/14/2021 13:01,1754.5,48,83,466,79,694,38.8,110.8
10/14/2021 12:31,1765,78,83,458,71,684,47.6,126.35
10/14/2021 12:01,997.5,30,82,406,5,611,45.2,21.75
10/14/2021 11:31,1707,100,83,457.5,130.5,674,42.9,154.5
10/14/2021 11:01,801.5,31,83,296.5,2,584.5,41.3,15.45
10/14/2021 10:31,799.5,26,82,306,2.5,581,40.3,14
10/13/2021 15:07,801,22,83,301.5,2,579.5,44,13.05
10/13/2021 14:37,801,22,82,302.5,1,579.5,44.1,13.05
10/13/2021 14:07,799.5,23,82,302,1.5,580,44.4,12.95
10/13/2021 13:37,800,20,83,302.5,1,580,44.4,12.45
10/13/2021 13:07,801,23,83,303,2,581,44.1,13.3
10/13/2021 12:37,799,24,83,303,1.5,581,42.4,13.55
10/13/2021 10:09,801,29,83,294,2.5,580,40.8,14.75
10/13/2021 9:19,799.5,27,83,301.5,1.5,585,41.3,14.5
10/12/2021 16:16,1301,28,82,444.5,5.5,642.5,41.4,27.1
10/12/2021 15:46,1436,45,82,447.5,22,663.5,40.1,49.5
10/12/2021 15:16,1300.5,30,82,437,8.5,652,43,28.75
10/12/2021 14:46,801,25,82,303,2,585.5,41.5,13.65
10/12/2021 14:16,799.5,24,82,304.5,2.5,588,40.6,13.3
10/12/2021 13:17,994.5,32,82,412,6,621,38.9,22.8
10/12/2021 12:47,1002.5,27,82,406.5,5.5,618.5,39.1,20.2
10/12/2021 12:17,1677.5,84,85,451,117.5,682.5,45.3,133.35
10/12/2021 10:54,800,25,82,310.5,1.5,595.5,36.1,13.9
10/12/2021 10:24,799.5,28,82,312,2.5,595.5,35.8,14.6
10/11/2021 18:42,799.5,22,82,308.5,2,588,38.2,12.95
10/11/2021 17:20,799.5,27,83,309.5,2,591,40.1,14.25
10/11/2021 13:39,801,23,82,308,1,589,40.6,13.2
10/11/2021 13:09,1001,26,82,417,4.5,583.5,34.1,19.7
10/10/2021 16:11,1003.5,23,82,375,4,591.5,40.7,17.2
10/10/2021 15:41,1001,30,82,372.5,5.5,593,40.1,20.55
10/10/2021 15:11,1011,25,82,373,5.5,595,40.1,19
10/10/2021 14:41,1000.5,27,83,369.5,4.5,596,40.8,19.7
10/10/2021 11:41,800.5,23,83,267.5,2,571.5,44.3,13.2
10/09/2021 19:59,800,30,82,260.5,2.5,580,51.2,15.3
10/09/2021 19:02,801,27,82,268.5,2,579,47.4,14.35
10/09/2021 17:53,971.5,60,82,363.5,6,596.5,51.1,34.3
10/09/2021 16:29,1468.5,35,82,438.5,14.5,641.5,48.8,40.4
10/09/2021 15:59,976,75,81,363,11,599,55.9,43.7
10/09/2021 15:29,1643.5,79,91,420.5,100.5,669.5,55.6,126.95
10/09/2021 14:59,800.5,23,82,269.5,1.5,576,48.4,13.3
10/09/2021 14:29,801,25,83,269.5,2,567,47.3,13.65
10/09/2021 10:02,1027,27,83,375,7,597,39,20.65
10/08/2021 17:42,800,22,82,270.5,2,567,37.5,13.05
10/08/2021 17:12,799,22,82,261.5,2,571,37.4,12.6
10/08/2021 16:06,799.5,18,82,274.5,0.5,567,40.8,11.9
10/08/2021 15:36,1388.5,37,81,433.5,10.5,627,43,38
10/08/2021 15:06,1822,24,82,462,31.5,673,47.4,48.8
10/08/2021 14:36,976,56,83,347.5,6,591.5,55.8,32.8
10/08/2021 14:06,1775,70,88,433.5,73.5,671.5,58.1,116.4
10/08/2021 13:36,1001.5,24,84,350,5,596,54.9,18.9
10/08/2021 13:06,1844.5,9,87,439,45,667.5,58.3,31.6
10/08/2021 12:36,1801.5,30,88,436,30.5,673.5,59.2,55.7
10/08/2021 12:06,1857,68,86,439.5,82,675.5,53.8,106.9
10/08/2021 11:36,1649.5,100,89,424,138.5,662.5,52.6,154.95
10/08/2021 11:06,800,24,83,272.5,1.5,578,45.1,13.55
10/07/2021 18:07,800,26,82,265.5,1.5,569.5,47.9,13.9
10/07/2021 16:48,799,23,83,264,1.5,572,40.6,13.4
10/07/2021 16:18,1508.5,60,82,441.5,37.5,667,41.5,75.9
10/07/2021 15:48,1772,67,84,443.5,71.5,672.5,49.4,112
10/07/2021 15:18,1812,64,84,441.5,86,687,49.3,110.1
10/07/2021 14:48,1763,73,86,436.5,78.5,680,53.2,124.2
10/07/2021 14:18,1841.5,61,85,438.5,88.5,675.5,52.7,97.85
10/07/2021 13:48,1805.5,27,84,444,39,679.5,49.7,55.1
10/07/2021 13:18,1000.5,25,82,370.5,4,607.5,45.5,18.65
10/07/2021 12:48,1486.5,20,82,441.5,7,634.5,43.4,26.5
10/07/2021 12:18,801,21,83,272.5,1.5,570,42.2,12.7
10/07/2021 10:22,799.5,18,83,277,1.5,571.5,37.9,11.65
10/06/2021 21:33,1300,27,82,428.5,5,632,43.9,27.45
10/06/2021 21:03,1437,55,83,429.5,28,644,45.6,61.5
10/06/2021 20:33,1301,29,84,419.5,6.5,638,47.4,28.4
10/06/2021 20:03,1303.5,31,82,424,8,641.5,43.9,28.6
10/06/2021 19:33,1532.5,65,85,429,50.5,653.5,47.1,89.9
10/06/2021 19:03,1403.5,34,82,435,11.5,644,38.5,36
10/06/2021 16:27,1299,30,82,427,7.5,635,39.8,29.2
10/06/2021 13:47,799.5,20,83,272.5,1,569,45.3,12.25
10/06/2021 13:17,800.5,22,82,272.5,1.5,570.5,44.7,12.85
10/06/2021 12:47,800,22,83,271.5,1.5,571,45.5,12.7
10/06/2021 12:17,800.5,22,83,272,1.5,571.5,44.7,12.95
10/06/2021 11:47,801,20,83,272,1,571,44.1,12.35
10/06/2021 11:17,800.5,22,83,272.5,1.5,573,42.6,12.95
10/06/2021 10:47,800.5,23,83,273,1.5,573,42,13.05
10/06/2021 10:17,800.5,22,83,276,1.5,576.5,39.3,12.7
10/05/2021 19:51,799.5,24,82,269.5,1,576.5,37.3,13.3
10/05/2021 17:44,1297.5,26,82,427,7,631,46.3,25.65
10/05/2021 17:14,1634.5,58,83,437,59,678.5,47,90.85
10/05/2021 16:44,1728.5,98,83,438.5,128.5,676,47.6,152.25
10/05/2021 16:14,1001.5,24,82,377.5,4.5,608,45.6,18.65
10/05/2021 15:44,1800,78,85,440.5,85.5,685.5,50.8,123.15
10/05/2021 15:14,1019.5,22,82,362.5,5,609,53.3,18.05
10/05/2021 14:44,1881,37,83,446,77,692.5,46.4,62
10/05/2021 14:14,1859,49,83,444.5,75,687.5,46.7,81.35
10/05/2021 13:44,1786,60,83,444.5,68,692,46.5,105.8
10/05/2021 13:14,1297.5,30,82,426,6.5,650.5,40.8,30.05
10/05/2021 12:44,1581,60,83,437.5,58,661.5,38.5,89.9
10/05/2021 12:14,1573.5,31,82,443,13,663.5,37.7,39.45
10/05/2021 11:44,1300,32,82,431,7,635,37.8,30.4
10/05/2021 11:14,800.5,29,83,273.5,2,578,38.2,14.85
10/05/2021 10:44,792.5,27,83,277,1.5,580,35.3,13.9
10/04/2021 17:01,1026,24,82,365,6,598,38.9,18.15
10/04/2021 16:31,1796.5,32,82,460,23,671.5,37.2,53.3
10/04/2021 16:01,999.5,31,83,372,4.5,600,35.6,22.2
10/04/2021 15:31,998.5,36,83,372,6,601,35.9,23.85
10/04/2021 15:01,1016.5,42,83,377,10.5,603,35.7,29
10/04/2021 12:18,801,20,82,274,1,571.5,42.8,12.25
10/04/2021 11:48,799.5,20,82,274.5,1,571.5,43.5,12.25
10/04/2021 11:18,799.5,20,82,275.5,0.5,572,41.9,12.35
10/04/2021 10:48,801,24,82,274,1.5,572.5,42.3,13.4
10/04/2021 10:18,799.5,26,84,268.5,1.5,573,39.1,14
10/03/2021 19:25,1342,33,82,437,7,637,33.3,32.4
10/03/2021 18:55,1343.5,27,82,433,4.5,629.5,36.5,27.65
10/03/2021 18:25,1546.5,62,82,439.5,53,657,39.6,88.35
10/03/2021 17:55,1639,75,83,442,91,675.5,34.3,119.95
10/03/2021 17:25,1626.5,72,84,438.5,93,670.5,39.4,116.4
10/03/2021 16:55,1378.5,39,82,436,12.5,641.5,42.8,41.45
10/03/2021 16:25,1681.5,88,83,443.5,106.5,662,40.8,138.95
10/03/2021 15:55,1768,82,84,443.5,79.5,679.5,45.8,135.15
10/03/2021 15:25,1009.5,23,83,352,5.5,598,47.2,18.55
10/03/2021 14:55,1732.5,58,83,447.5,69.5,677,39.8,107.7
10/03/2021 14:25,1856.5,29,82,448.5,84.5,688.5,42.2,61.3
10/03/2021 13:55,1840.5,46,84,443.5,86.5,687.5,45.6,80.85
10/03/2021 13:25,1300.5,28,82,428.5,6,639,40,27.8
10/03/2021 12:55,1300,29,82,431,5,641.5,39.9,27.8
10/03/2021 12:25,1301.5,31,82,427.5,5.5,640.5,40.1,28.4
10/03/2021 11:55,801,24,83,262.5,1.5,571,41.8,13.3
10/03/2021 11:25,1445,38,83,440,13,642,40.5,42.15
10/03/2021 10:55,799,22,82,276,0.5,579.5,40.8,12.85
10/03/2021 10:25,1359,36,82,436,12,639.5,37.7,35.85
10/02/2021 20:13,799.5,25,83,272.5,1.5,579.5,36.4,13.9
10/02/2021 19:43,801,22,82,274.5,1.5,580.5,37.4,12.7
10/02/2021 16:42,800,26,82,275.5,1.5,576.5,39.7,13.9
10/02/2021 15:43,799.5,24,82,273,1,576.5,41.3,13.4
10/02/2021 15:13,1011,55,83,344.5,8,602,42.5,26.35
10/02/2021 14:43,1783.5,53,83,451.5,59,667.5,42.7,95.35
10/02/2021 14:13,1010,25,82,370.5,4.5,601,41.8,19.1
10/02/2021 13:43,801,21,82,272,1,570,41.8,12.45
10/02/2021 13:13,1562,41,82,438,23,657,41.2,51.2
10/02/2021 12:43,1515.5,10,82,439.5,8,657,39.5,19.85
10/02/2021 12:13,1627,76,83,436.5,91.5,659,39.6,121.15
10/02/2021 11:43,1571,65,83,438,58.5,652,38.4,98.35
10/02/2021 11:13,1381,35,82,435,13,601,34.2,36.2
10/02/2021 10:43,800,24,82,277,1.5,569.5,35.2,13.4
10/02/2021 10:13,1302.5,33,82,434,7.5,616,33.4,31.6
10/02/2021 9:43,801,22,82,283,1.5,573,31.2,12.95
10/01/2021 19:01,1357,38,82,438.5,13,622,31.2,37.75
10/01/2021 18:01,801,22,82,272.5,2,578.5,36.4,12.95
10/01/2021 17:31,1603,59,85,433.5,55,655.5,46,89.3
10/01/2021 17:01,1701.5,96,84,439,121,659,44.1,149.25
10/01/2021 16:31,1611,70,84,437.5,80.5,661,42.2,114.85
10/01/2021 16:01,1607,58,84,438,53.5,660.5,42.7,88.35
10/01/2021 15:04,1460,56,83,437.5,31.5,647.5,41.1,64.5
10/01/2021 13:39,800,18,82,282,2,570.5,38.3,12
10/01/2021 13:09,799.5,20,82,281,2,575,41.4,12.45
10/01/2021 12:39,1778.5,69,83,451,71,684.5,46.9,115.2
10/01/2021 12:09,1754,75,85,444,74.5,685,49.1,128.85
10/01/2021 11:39,1015,50,82,366.5,7,609.5,47.2,29.7
10/01/2021 11:09,800,28,82,276.5,2,579.5,45.6,14.85
10/01/2021 10:39,799.5,25,83,282,1.5,584,45,14
9/30/2021 18:22,1612.5,65,84,438,70,660,47.5,106.3
9/30/2021 17:52,799,21,82,282,1,576.5,44.6,12.7
9/30/2021 17:22,1758.5,67,84,445,77,684.5,50.9,112.45
9/30/2021 16:52,1000,27,82,380,5,609,52.9,20.8
9/30/2021 16:22,1775,72,87,440,79.5,685,54.6,124.7
9/30/2021 15:52,800.5,25,82,275,2,577.5,48.6,13.65
9/30/2021 15:22,799.5,24,82,280,2.5,570.5,50.4,13.65
9/30/2021 14:52,1402.5,25,87,422,8,630.5,57.3,30.4
9/30/2021 14:22,1789.5,99,86,438.5,87.5,678,55.3,146.2
9/30/2021 13:52,997,28,82,372,4.5,605.5,52.9,21.15
9/30/2021 13:22,1828,22,83,462.5,63,687.5,50.1,51.8
9/30/2021 12:52,1300,27,84,425,6,623.5,54.4,27.65
9/30/2021 12:22,1514,62,83,447,44.5,669.5,47.4,83.6
9/30/2021 11:52,800.5,23,83,280,1.5,581.5,47.5,13.4
9/30/2021 11:22,800,25,83,283.5,1.5,584.5,45,13.8
9/29/2021 16:58,800.5,22,82,279,2,580,49.1,13.2
9/29/2021 16:28,1001,39,82,385.5,6,612,50.7,26
9/29/2021 15:34,1553.5,67,83,438.5,55,654.5,51.9,99.15
9/29/2021 15:04,1475.5,19,82,444.5,7.5,642,49.6,26.35
9/29/2021 14:34,801.5,18,82,283,1.5,578.5,44.5,11.5
9/29/2021 14:04,1000.5,24,82,383.5,5,608.5,49.1,18.55
9/29/2021 13:34,982,30,83,359.5,5.5,607,56.3,22.7
9/29/2021 13:04,1000,30,85,355,6.5,593,53.7,22.35
9/29/2021 12:34,975,55,84,351.5,6.5,594.5,53.1,32.9
9/29/2021 12:04,1778,68,85,446,77,678,50.7,116
9/29/2021 11:34,1762.5,63,85,444.5,72.5,671.5,51.9,111.65
9/29/2021 11:04,1754.5,61,84,452,80,670.5,48.9,156.4
9/29/2021 10:34,1592.5,65,91,427.5,67,655,54.5,102.25
9/29/2021 10:04,800,30,82,285,2.5,586.5,41.6,15.3
9/28/2021 19:35,799,26,82,271,2,581,41.9,14.25
9/28/2021 19:05,1597,68,82,443.5,74.5,675.5,44.5,109.35
9/28/2021 18:35,1815.5,66,84,447.5,92.5,671.5,45.5,111.4
9/28/2021 18:05,1803.5,35,82,468.5,33,666,43.4,61.4
9/28/2021 17:35,799.5,21,82,278.5,2,581,43.8,12.85
9/28/2021 17:05,1522,30,83,446.5,11.5,622,44,38.25
9/28/2021 16:35,998.5,27,82,369.5,5,593.5,50,20.45
9/28/2021 16:05,1801,68,84,445.5,87,671.5,49.8,113.3
9/28/2021 15:35,1850,85,84,444,86,648,51,130.15
9/28/2021 15:05,1005,25,82,376.5,5.5,597.5,50.4,19.1
9/28/2021 14:35,1787.5,41,88,440.5,82,629.5,55.5,78.75
9/28/2021 14:05,1767.5,69,83,451.5,81.5,674,50.3,129.3
9/28/2021 13:35,1781.5,72,83,452,80,678,48.9,120.9
9/28/2021 12:38,1787,73,84,447,89,675.5,50.3,123.25
9/28/2021 12:08,1299,28,84,423.5,6.5,625,51.3,28.6
9/28/2021 11:38,800,28,83,272.5,2,574.5,45.3,14.85
9/28/2021 10:58,801,25,83,276.5,2,581,43.3,13.65
9/28/2021 10:28,800,25,83,278.5,1.5,584,41.8,13.8
9/27/2021 16:58,1296.5,73,83,348,8,601,48.4,59.4
9/27/2021 15:50,974.5,60,82,369.5,6,598.5,46.6,34.1
9/27/2021 15:20,1003.5,27,82,378,4.5,601,47,20.55
9/27/2021 13:45,1793.5,32,82,459.5,31.5,678,45.4,60.45
9/27/2021 13:15,799.5,19,82,277.5,1.5,580.5,46.1,12.1
9/27/2021 12:45,1430,28,82,440.5,8,656.5,47.5,32.9
9/27/2021 12:15,1763.5,47,84,443.5,77,688,49.4,90
9/27/2021 11:45,1757.5,83,84,444.5,74,685,48.3,132.15
9/27/2021 11:15,800,23,82,276.5,1,584,42.3,13.3
9/27/2021 10:45,799.5,25,83,281,2,587,40.3,14.15
9/26/2021 16:59,1352,27,81,434,6.5,647,53.2,29.8
9/26/2021 15:47,1831.5,70,87,436.5,94,673,55.3,114
9/26/2021 15:16,1801,71,87,438.5,81,673,53.3,117.55
9/26/2021 14:46,1813,73,93,424.5,85.5,672.5,58.7,115.45
9/26/2021 14:16,1786.5,76,92,429,89.5,673.5,59.9,121.5
9/26/2021 13:46,1803,89,90,432.5,97.5,670,59.7,134.8
9/26/2021 13:16,1601.5,70,82,445,43,670.5,48.2,98.45
9/26/2021 12:46,800,24,83,277,0.5,582,46.5,13.4
9/26/2021 12:16,800,24,83,277.5,1.5,583,45.8,13.55
9/26/2021 11:46,800.5,25,83,280.5,1.5,586.5,43.5,14
9/25/2021 16:57,1809.5,33,92,433,79,680,61.8,78
9/25/2021 16:27,1807.5,73,88,446.5,91.5,679.5,57.2,120.9
9/25/2021 15:57,1395,31,82,442.5,9.5,647,49.9,34.7
9/25/2021 15:27,1547,43,84,447.5,26.5,663,55,56.9
9/25/2021 14:57,799.5,25,87,251,1.5,568.5,65.3,13.9
9/25/2021 14:27,1820.5,83,102,413.5,91,677,69.7,122.8
9/25/2021 13:57,1800.5,82,100,418.5,90.5,677.5,68.6,123.4
9/25/2021 13:27,1761,96,96,426.5,96.5,675.5,64.4,147
9/25/2021 12:57,994,32,82,376,5,604,51,23.3
9/25/2021 12:27,800,22,82,280.5,2,584,45.5,13.2
9/25/2021 11:57,800.5,23,82,281,2,585,45.8,13.3
9/25/2021 11:27,801.5,23,82,282.5,2,585,45.1,13.55
9/25/2021 10:57,1391,47,82,446.5,17.5,658,43.7,50
9/24/2021 19:23,798.5,30,83,278,3,582,52.8,15.45
9/24/2021 18:53,1677.5,85,85,437.5,107.5,663.5,51.1,134.9
9/24/2021 18:23,799.5,25,86,254.5,1,578.5,60.4,14
9/24/2021 17:53,1785.5,76,99,422,87,677.5,67.9,120.65
9/24/2021 17:23,801,21,82,274,2,571,61.3,13.05
9/24/2021 16:53,1815.5,83,91,443.5,95,683,63.5,130.05
9/24/2021 16:23,701.5,11,108,246,4.5,579,75.3,13.65
9/24/2021 15:53,1766,49,102,415.5,81,673.5,72,89.2
9/24/2021 15:23,969,55,83,367.5,5.5,601,54.2,32.9
9/24/2021 14:53,800,25,82,274,1.5,573,54.4,14
9/24/2021 14:23,800.5,25,82,276.5,2,574,55,13.9
9/24/2021 13:13,1747.5,65,89,438,69,679.5,59.9,121.25
9/24/2021 12:43,1001,24,82,379.5,3,609.5,53.5,18.65
9/24/2021 12:13,999.5,24,90,319,4,592.5,59.5,19
9/24/2021 11:43,1720,38,91,433,62,683,61.9,122.8
9/24/2021 11:13,1302.5,28,82,426.5,7.5,617.5,51.5,28.85
9/23/2021 16:40,1649,81,82,438.5,88.5,658,52.8,129.7
9/23/2021 16:10,1294,28,87,419.5,7.5,633.5,55.4,28.4
9/23/2021 15:40,1794.5,90,96,424,77.5,670.5,69,91.45
9/23/2021 15:10,1777.5,37,94,426,68,673.5,64.8,75.05
9/23/2021 14:40,1817.5,98,93,425.5,97.5,674,64,148.8
9/23/2021 14:10,1299,26,82,428,4.5,631.5,51.4,26.35
9/23/2021 13:40,1621.5,59,83,440,59.5,676.5,52.4,92.15
9/23/2021 13:10,1675.5,90,87,436,114.5,681.5,52.6,143
9/23/2021 12:40,1644.5,75,82,443,86.5,676.5,47.1,120.75
9/23/2021 11:25,1301,28,82,427,7,633,46.6,27.9
9/23/2021 10:55,1594.5,31,83,449.5,16.5,669.5,43.5,42.15
9/23/2021 10:25,1677,86,83,444.5,115.5,683.5,40.6,135.15
9/23/2021 9:55,1412,45,82,438,17.5,669,36,46.45
9/22/2021 16:57,999,25,82,377.5,3,602,47.4,18.65
9/22/2021 13:37,1819.5,24,83,460,35.5,673.5,49.3,49.65
9/22/2021 9:41,799.5,30,82,281.5,1.5,578,39.2,15.2
9/21/2021 16:40,800,22,82,277.5,1,572,45.6,12.85
9/21/2021 16:10,800,22,82,277.5,0.5,572,46.1,12.85
9/21/2021 15:40,800.5,22,82,277,1,571,47.2,12.95
9/21/2021 15:10,799.5,22,82,276,1,573,48.3,12.85
9/21/2021 14:05,1300.5,30,82,433,5.5,639.5,47.9,28.6
9/21/2021 13:35,1491,40,82,445,15,663.5,47.2,46.9
9/21/2021 13:05,799.5,22,82,279,1.5,577,46.7,12.6
9/21/2021 12:35,801,20,82,279.5,1.5,575.5,46.9,12.35
9/21/2021 12:05,1778.5,74,87,441.5,76.5,685,50.4,123.15
9/21/2021 11:35,1816.5,41,83,451,77.5,692.5,46.7,79.55
9/21/2021 11:05,1752.5,63,86,444,69.5,695.5,48.7,118.85
9/21/2021 10:35,1795.5,62,85,444,78.5,678.5,50.1,109.25
9/21/2021 10:05,1815,64,84,449.5,81,687.5,45.3,109.95
9/21/2021 9:35,1839.5,22,82,462.5,49.5,684.5,44.5,52.5
9/21/2021 9:05,1815.5,54,84,446.5,80.5,691,45.4,96.45
9/21/2021 8:35,1792.5,68,84,446.5,82.5,692,45.1,115.2
9/21/2021 8:05,1804.5,28,82,459.5,35,690,40.1,53.3
9/21/2021 7:35,1625,76,83,442.5,98.5,676,38.4,121.15
9/21/2021 7:05,800,28,83,279,2.5,578.5,35.1,14.5
9/20/2021 17:55,800,24,82,277,1.5,576.5,43.2,13.55
9/20/2021 14:36,799.5,21,82,278.5,1,575,45.7,12.95
9/20/2021 14:06,799.5,22,82,278,1.5,574.5,46.1,12.85
9/20/2021 13:36,799.5,23,83,276,1.5,575.5,46.9,13.05
9/20/2021 11:58,801,23,83,277,1.5,575,47.1,13.05
9/20/2021 11:28,799.5,23,83,277.5,2,575,46.3,13.05
9/20/2021 10:58,799.5,24,83,278.5,1.5,575.5,45.3,13.3
9/20/2021 10:28,800,25,82,281,2,579,43.3,13.9
9/19/2021 17:03,800.5,28,82,277.5,1.5,575.5,46.3,14.6
9/19/2021 14:26,1300,30,82,437.5,7,638.5,45.8,28.6
9/19/2021 13:56,1002,31,82,379.5,5.5,608.5,46.2,21.5
9/19/2021 13:26,1019,24,82,372,6,609,48.1,18.75
9/19/2021 12:56,1604.5,69,84,440.5,77,678.5,49.4,110.7
9/19/2021 12:26,1306.5,29,82,432.5,6,624.5,47.1,28.6
9/19/2021 11:16,800,23,82,278.5,1,573,44.6,13.05
9/19/2021 10:46,800,23,82,279.5,1.5,574,43.8,13.05
9/19/2021 10:16,799.5,24,82,280.5,2,574.5,42.9,13.3
9/19/2021 9:46,799.5,25,82,283,1.5,578,41.1,13.8
9/18/2021 19:03,1612.5,29,82,450,12,677.5,40.8,38.6
9/18/2021 18:06,800,19,82,281,1.5,568.5,45.5,11.9
9/18/2021 17:36,1297,30,82,426,6.5,629,48.9,29.2
9/18/2021 17:06,1300.5,27,84,423.5,7,643,53.2,27.3
9/18/2021 16:36,800.5,21,82,280,1.5,571.5,47.3,12.6
9/18/2021 16:06,1035.5,20,82,381.5,8.5,599.5,50.6,41.55
9/18/2021 15:36,1757,71,86,446,72,676.5,52.2,118.85
9/18/2021 15:06,999,29,82,380,4,611.5,47.6,20.65
9/18/2021 14:36,1534.5,43,84,445,25.5,672.5,51,54.15
9/18/2021 14:06,1851,26,83,453.5,72.5,686.5,49.6,49.4
9/18/2021 13:36,1778,82,84,446.5,92,678.5,51.1,139.05
9/18/2021 13:06,1810,42,85,446,86,681.5,50.5,80.3
9/18/2021 12:36,1804,66,84,449,89.5,681.5,48.3,113.15
9/18/2021 12:06,1587.5,65,84,442,70,681,49.2,104.5
9/18/2021 11:36,1542,62,84,438.5,50,659.5,49.1,86.45
9/18/2021 11:06,1408.5,33,82,445.5,11.5,649,41.4,36.45
9/18/2021 9:40,800,22,83,287,1,581,38.4,13.2
9/17/2021 16:38,799.5,21,82,281,0.5,573.5,44.3,12.85
9/17/2021 16:08,854.5,98,82,277,1.5,575,47.1,41.9
9/17/2021 15:38,1702,92,86,435.5,117,617.5,51.2,144.75
9/17/2021 15:08,799.5,20,82,280.5,2,565.5,50.6,12.35
9/17/2021 14:38,801,22,82,278.5,1.5,569,53.7,13.2
9/17/2021 14:08,1857,86,85,445,90.5,670,53.4,133.1
9/17/2021 13:38,1814.5,77,84,451,93.5,682.5,49.1,124.8
9/17/2021 13:08,799,21,82,280.5,1,574.5,44.7,12.6
9/17/2021 12:38,1805,78,83,456,62,684,45.7,121.25
9/17/2021 12:08,1001.5,26,82,374.5,5,600.5,47.2,19.85
9/17/2021 11:38,1839,29,86,445.5,82.5,681,51.4,60.45
9/17/2021 11:08,1824,32,83,453,76.5,685.5,47.7,67.45
9/17/2021 10:38,1759,73,84,449.5,81,686,46.1,125.5
9/17/2021 10:08,1754,25,82,456.5,57.5,675.5,40.4,61.15
9/17/2021 9:38,1578,32,82,453,10.5,656.5,39.5,41.9
9/17/2021 9:08,1385.5,49,82,446,20,644.5,33.8,49.65
9/16/2021 18:18,801,25,83,271,2,572.5,40.2,13.55
9/16/2021 17:48,1576,40,82,446,26.5,672.5,43.4,53.2
9/16/2021 17:18,1628.5,37,86,442.5,31.5,671,48,53.3
9/16/2021 15:28,1354.5,19,82,437.5,5,649,43.2,23.5
9/16/2021 14:58,801,21,82,281.5,1.5,572.5,43.1,12.45
9/16/2021 14:03,1835,31,83,453,71,675,47.9,63.4
9/16/2021 13:33,1790.5,32,83,454,48.5,673.5,46.5,62.25
9/16/2021 13:03,1843,31,83,452,73,677.5,47.6,57.95
9/16/2021 12:33,980,63,83,371.5,5.5,597,41.8,35.25
9/16/2021 11:37,801,19,82,283.5,1,582,43,11.9
9/16/2021 11:07,1547.5,30,82,449.5,11,654,43.1,36.2
9/16/2021 10:37,800.5,30,82,280.5,2,580.5,40.4,15.2
9/16/2021 10:07,799.5,22,82,288,1,585.5,36.2,12.7
9/15/2021 18:45,1484.5,32,82,445.5,27,661,32.5,41.9
9/15/2021 18:15,799.5,23,82,277.5,2,577,39.5,13.2
9/15/2021 17:21,1619,74,93,418,95,670.5,56.1,117.45
9/15/2021 16:27,800,21,82,279,1,571.5,46.3,12.6
9/15/2021 15:57,1879,45,88,438.5,92,673.5,48.5,48.35
9/15/2021 15:27,1792,34,82,463.5,27,673,47.3,56.55
9/15/2021 14:57,1432.5,50,84,431.5,23,657.5,53.8,54.4
9/15/2021 13:45,1299,30,82,429,5.5,641.5,47.8,28.6
9/15/2021 13:15,1833.5,23,86,446,67.5,687.5,55.8,53.8
9/15/2021 12:45,1002.5,27,82,380.5,5.5,599,46.8,19.6
9/15/2021 12:15,1797,33,85,448.5,23,674,55.6,56.4
9/15/2021 11:45,1806,31,85,448,48,674.5,56.2,62.8
9/15/2021 11:15,1758.5,79,89,436.5,72.5,672.5,58.4,126.45
9/15/2021 10:45,1034.5,26,82,378,6,601,47.1,19.6
9/15/2021 10:15,1422.5,43,83,436,16.5,660.5,49.3,46.9
9/15/2021 9:45,1300,28,82,430,5.5,648,45.2,27.55
9/15/2021 9:15,1436,72,82,437.5,27,646.5,42.4,77.9
9/15/2021 8:45,1409,44,82,444.5,18.5,650.5,34.8,47.05
9/14/2021 19:39,1335,32,82,436.5,9,646.5,38.4,32.4
9/14/2021 17:07,1368,30,84,424.5,6.5,633,54.4,31.85
9/14/2021 16:37,1512.5,34,87,427.5,9.5,637.5,53.4,40.15
9/14/2021 16:07,1002,27,84,354.5,4.5,594.5,54.2,19.7
9/14/2021 15:37,1775,77,85,447.5,86.5,690,51.2,125.3
9/14/2021 15:07,1305,30,89,410.5,8.5,614.5,57.5,28.75
9/14/2021 13:22,1864,52,84,448.5,100.5,694,40.4,85.15
9/14/2021 12:52,1776,76,82,448,83,690.5,39.3,126.7
9/14/2021 12:22,1821.5,59,84,448.5,60,675,49,100.95
9/14/2021 11:52,1800.5,33,82,467.5,26,678.5,41.6,56.9
9/14/2021 8:44,1575,35,83,435.5,12,655,38.6,45.6
9/14/2021 8:14,1589,39,82,449,17.5,673,42.3,48.95
9/14/2021 7:44,1299,31,82,437.5,7,637.5,31.2,30.3
9/13/2021 17:41,798.5,26,82,279,0.5,580,35.2,13.9
9/13/2021 17:11,799.5,23,82,281,2,580,33.8,13.3
9/13/2021 13:50,800,22,83,278,1.5,575.5,46.3,12.85
9/13/2021 11:12,799.5,25,83,282.5,1.5,573.5,42.9,13.8
9/13/2021 10:42,799.5,24,83,286,1.5,576,40.5,13.4
9/12/2021 19:15,1002,25,82,384.5,3,604,36.8,17.45
9/12/2021 18:45,997.5,28,82,383,4,603,38.4,20.05
9/12/2021 18:15,1002.5,24,82,383.5,4,602.5,40.3,17.45
9/12/2021 17:45,998,31,82,381.5,4.5,605.5,41,21.15
9/12/2021 15:11,1003,27,83,381.5,4,595.5,43.6,18.9
9/12/2021 14:41,1001,30,83,381,4,595.5,41.8,21.25
9/12/2021 12:10,797.5,30,82,279.5,1.5,571.5,41.6,15.1
9/12/2021 11:40,799.5,19,82,284,1,570,42.7,12.1
9/12/2021 11:10,799.5,20,82,281.5,0.5,570,43.8,12.25
9/12/2021 10:40,999.5,25,82,387.5,4,599.5,38.7,18.9
9/11/2021 19:51,800,18,82,283,2,571.5,31.4,11.4
9/11/2021 19:21,1021.5,22,83,366,5.5,599.5,29.9,17.7
9/11/2021 18:51,999.5,36,82,382.5,6,602.5,32.7,24.25
9/11/2021 18:21,1795,34,82,470.5,28,672.5,32.9,59.95
9/11/2021 17:51,999.5,24,83,379.5,3.5,595,42.9,18.15
9/11/2021 17:21,997.5,31,83,381,5,599,40.7,21.95
9/11/2021 15:51,796,29,82,283.5,2,569,42.6,14.6
9/11/2021 15:21,1000,29,82,381.5,4.5,597.5,43.8,21.4
9/11/2021 14:51,1839,25,82,462,29,670,41,43.35
9/11/2021 14:21,1016,22,82,384,5,597.5,42.6,17.45
9/11/2021 13:51,964,54,82,379,4,595,43.5,31.35
9/11/2021 13:21,1031.5,34,83,380.5,7.5,601,41.8,22.9
9/11/2021 12:51,973,60,82,380.5,6,598.5,43.5,34.2
9/11/2021 12:21,1002,26,82,387.5,5,599.5,42.8,19.6
9/11/2021 11:51,1003.5,25,83,391.5,5,601,38.7,19.1
9/10/2021 22:04,969.5,61,82,377,6.5,599.5,34.1,34.45
9/10/2021 21:34,1000,27,82,385,5,597.5,33.7,20.05
9/10/2021 21:04,975,34,82,385.5,4.5,597,33.7,23.65
9/10/2021 20:34,997.5,34,82,383,6,599.5,35.7,23.4
9/10/2021 19:07,944.5,78,82,375,7.5,597,37.5,43.35
9/10/2021 18:37,1007.5,23,82,386.5,5.5,599.5,37,18.9
9/10/2021 18:07,996.5,42,82,378.5,6,600,39.2,26.6
9/10/2021 17:37,1013.5,22,82,386.5,5.5,601,39.7,17.45
9/10/2021 17:07,996.5,40,83,379.5,5.5,598.5,40.7,24.8
9/10/2021 16:37,999.5,22,82,391.5,2.5,598,39.2,16.75
9/10/2021 15:39,800,24,83,286,0.5,578.5,38.8,13.3
9/10/2021 10:30,801,22,82,290.5,1,582,30.9,12.85
9/09/2021 18:44,800.5,24,83,285.5,1,580,33.6,13.4
9/08/2021 17:17,799,26,83,277.5,1,575.5,43.2,14
9/08/2021 15:20,799.5,24,83,279,1,575,46.1,13.4
9/08/2021 14:50,799.5,25,83,278.5,1.5,575,46.6,13.9
9/08/2021 12:44,800.5,27,83,280,1.5,575,45.6,14
